{
  "1": -0.0062205062205062224,
  "2": 0.003,
  "3": 0.009,
  "4": 0.009504809894640401,
  "5": -0.01591891891891892,
  "6": -0.00691891891891892,
  "8": 0.02274774774774775,
  "9": 0.01337274774774775,
  "11": 0.006,
  "12": -0.008149688149688151,
  "13": 0.012965139052095571,
  "14": 0.02041441441441441,
  "15": -0.00780780780780781,
  "16": 0.003,
  "17": 0.011988057825267125,
  "18": -0.00991891891891892,
  "19": 0.003,
  "20": -0.006015693112467308,
  "21": 0.006,
  "22": 0.056,
  "23": 0.01656495204882302,
  "24": -0.01591891891891892,
  "25": 0.006,
  "26": -0.01891891891891892,
  "27": -0.01891891891891892,
  "30": -0.01891891891891892,
  "31": 0.0060810810810810806,
  "32": -0.01891891891891892,
  "33": -0.01291891891891892,
  "34": -0.012948769665187577,
  "36": -0.01891891891891892,
  "37": 0.053000000000000005
}