{
  "1": -0.006849953401677541,
  "2": 0.003,
  "3": 0.009,
  "4": 0.011239811239811237,
  "5": -0.01591891891891892,
  "6": -0.00691891891891892,
  "8": 0.01663663663663664,
  "9": 0.01337274774774775,
  "11": 0.053000000000000005,
  "12": -0.00891891891891892,
  "13": 0.013938223938223937,
  "14": 0.016028449502133713,
  "15": -0.00641891891891892,
  "16": 0.003,
  "17": 0.009662476429918292,
  "18": -0.00991891891891892,
  "19": 0.003,
  "21": 0.006,
  "22": 0.0577281399046105,
  "23": 0.014414414414414413,
  "24": -0.01591891891891892,
  "25": 0.006,
  "26": -0.01891891891891892,
  "27": -0.01891891891891892,
  "30": -0.01891891891891892,
  "31": 0.006662476429918291,
  "32": -0.01891891891891892,
  "33": -0.01291891891891892,
  "34": -0.011456232351754742,
  "36": -0.01891891891891892,
  "37": 0.053000000000000005
}