{
  "weights": [
    0.10683760683760682,
    0.07122507122507123,
    0.05341880341880341,
    0.08903133903133903,
    0.10683760683760682,
    0.11574074074074073,
    0.1452991452991453,
    0.07122507122507123,
    0.062321937321937325,
    0.05341880341880341,
    0.062321937321937325,
    0.062321937321937325
  ],
  "score": 2.8667,
  "factors": [
    "freq",
    "recent",
    "gap",
    "cooccurrence",
    "trend",
    "repeat",
    "streak",
    "interval",
    "neighbor",
    "conditional",
    "pattern_match",
    "ensemble"
  ]
}