{
  "weights": [
    0.07722237056824942,
    0.00926668446818993,
    0.12661379878370171,
    0.17072074573642762,
    0.07576945328827157,
    0.08687516688928061,
    0.07722237056824943,
    0.07722237056824943,
    0.06756957424721825,
    0.05791677792618707,
    0.06756957424721825,
    0.10603111270875672
  ],
  "score": 2.9667,
  "factors": [
    "freq",
    "recent",
    "gap",
    "cooccurrence",
    "trend",
    "repeat",
    "streak",
    "interval",
    "neighbor",
    "conditional",
    "pattern_match",
    "ensemble"
  ]
}